{
  "assetsByChunkName": {
    "vendors~app-account~app-checkout~app-confirmation~app-order": "chunk.5d142809d4f3b868a6c0.js",
    "vendors~app-account~app-confirmation~app-order": "chunk.22656a84a7978279c32b.js",
    "vendors~app-account~app-checkout": "chunk.805f9d820eb2807f5df5.js",
    "admin": [
      "admin.dbcdfb74efe59d57aa02.js",
      "admin.dbcdfb74efe59d57aa02.js.map"
    ],
    "app-account": "chunk.436167d5fb2fed17c66a.js",
    "app-confirmation": "chunk.ee92ee663a50cb66af86.js",
    "app-order": "chunk.16b1aa859db690f1562d.js",
    "checkout": [
      "checkout.22726b8e08a08b7a071f.js",
      "checkout.22726b8e08a08b7a071f.js.map"
    ],
    "storefront": [
      "storefront.8e1f4b5b2ec2387840b4.css",
      "storefront.01eb0224fd748c2583ee.js",
      "storefront.8e1f4b5b2ec2387840b4.css.map",
      "storefront.01eb0224fd748c2583ee.js.map"
    ],
    "vendors~app-cart": "chunk.dc1a12eec8d6bdc2f17b.js",
    "vendors~app-checkout": "chunk.658eca5a9352df5b1315.js"
  }
}